,choose_one,text_no_rt,type,user
0,Casualties and damage,28 deaths due to Hurricane Sandy | Charlotte taking a twitbreak | Ellen probably dead | Worst day ever.,Informative (Direct or Indirect),1EmmaHenderson
1,Casualties and damage,Sandy kills 50 people nationwide 18 were New York City residents. More than 8 million homes still without power across 17 states.,Informative (Direct or Indirect),9NEWS
2,Casualties and damage,RT @nowthised: Wider shot of scaffolding toppling car on CPW and 92nd across from Central ParkNYC @nowthisnews #sandy http://t.co/ivkExinW,Informative (Direct or Indirect),AbrahamAkiva
3,Caution and advice,#Sandy will be onshore about 6pm. Slightly faster speed may spare subway system NYC catastrophic damage. Worst winds now over.,Informative (Direct or Indirect),aecheylon
4,"Donations of money, goods or services",@ChrisFRC lost startups can go to @AlleyNYC. The Alley NYC located @37th & 7th is hosting startups who need a temporary home due to #sandy,Informative (Direct or Indirect),AHolidayiii
5,Casualties and damage,Sandy death toll climbs; millions remain without power. Thousands of homes are flooded others destroyed.,Informative (Direct or Indirect),alexandermimi
6,Casualties and damage,Extensive flooding in all subway tunnels says Bloomberg. It's going to be a big problem to get them back going. #sandy,Informative (Direct or Indirect),alischaw
7,"Donations of money, goods or services",400 Volunteers are needed for areas that took #Sandy destroyed.,Informative (Direct or Indirect),AmandaBlount
8,Caution and advice,Storm just now hitting Jersey...Milford is feeling it big time. All bridges closing in NYC & Jersey. Wow... #sandy,Informative (Direct or Indirect),beball
9,Caution and advice,City Public Schools will be closed Wednesday 10/31/12. #Sandy,Informative (Direct or Indirect),BrandingWorld
10,Information Source,checked the news. yes there is schol tomoro. sandy was a weak ass bitch,Informative (Direct or Indirect),BrandoCummando
11,Caution and advice,Hurricane Sandy is going to fill the subways with water. There will literally be giant underground rivers running beneath NYC. #HolyShit,Informative (Direct or Indirect),britthanus
12,Caution and advice,Omg NYC is now impacted by hurricane #Sandy,Informative (Direct or Indirect),BuniYani
13,Casualties and damage,40 people killed during Super Storm Sandy! Don't understand how in a major city they didnt stay indoors or found a shelter!,Informative (Direct or Indirect),CalumWilcock
14,Unknown,Due to Hurricane #Sandy the @90210 episode is postponed until November 5th. Hope everyone is safe up north!,Informative (Direct or Indirect),chuue
15,Unknown,they just showed a dude on a Jet Ski off of Battery Park in NYC...hey idiot there's a hurricane coming... #Sandy #wow,Informative (Direct or Indirect),codyjmorton
16,Casualties and damage,+++BREAKING+++ New Jersey sewage plant hit by #Sandy. Ultimate shitstorm imminent for the East Coast! +++BREAKING+++,Informative (Direct or Indirect),couchpotato_es2
17,Caution and advice,NYC ALERT: All pets are accepted on the subway taxi and trains during evacuation. #Sandy #SandyPets,Informative (Direct or Indirect),CourtThornton1
18,Casualties and damage,A boat lies across the railroad tracks near Metro-North's Ossining station. http://t.co/952JfSHe #Sandy #SandyNYC,Informative (Direct or Indirect),CrawfordRainaL
19,Casualties and damage,We are worried about the #UN documents historical collection that might have been damaged by #Sandy. We will keep you posted.,Informative (Direct or Indirect),Danzig661
20,Information Source,Hurricane #Sandy hits NYC hard with intense winds #Frankenstorm http://t.co/j6I531we,Informative (Direct or Indirect),davidfig79
21,Casualties and damage,@leeannderthol No the aquarium building itself is fine and there have been no reports of lost animals. http://t.co/yU3tFibK,Informative (Direct or Indirect),djramone13
22,Casualties and damage,NYC firefighters look up at a collapsed crane dangling from a building | http://t.co/8abQk4SC #Sandy,Informative (Direct or Indirect),dominicdileo
23,Casualties and damage,Nearly All Of Weston Without Power After Hurricane Sandy Tues AM http://t.co/SFaCqMFv,Informative (Direct or Indirect),EastonDV
24,Unknown,BREAKING: Instagram servers strained as millions of East Coast users post pictures of the food they're making during Hurricane Sandy.,Informative (Direct or Indirect),eyemmairepat
25,Caution and advice,First time since 1888 stock market closing for bad weather #Sandy,Informative (Direct or Indirect),feverplay_xo
26,Unknown,youtube is currently broken all google employees got swept by hurricane sandy - will upload tomorrow instead,Informative (Direct or Indirect),FlooderMoto
27,Caution and advice,@FriendshipCirc is closed today & tomorrow. Due to #Hurricane Sandy. Everyone stay safe and keeps your kiddies close,Informative (Direct or Indirect),FriendshipCirc
28,Casualties and damage,Latest death toll from #Sandy is 94 overall including 26 in the U.S. http://t.co/0aJUD1SS,Informative (Direct or Indirect),GabrielaNicole_
29,Casualties and damage,The four zoos in NYC say not a single animal was injured in #Sandy (via @LaraSpencer) ^L,Informative (Direct or Indirect),gfreeislife
30,Caution and advice,surge tapering off looks like around 8 feet at Battery as approach high tide - for NYC Sandy not big event http://t.co/HJscVCTl,Informative (Direct or Indirect),GMRobertson
31,Casualties and damage,2 deaths in New Jersey 1 in Connecticut 1 in West Virginia 1 off NC coast in addition to 5 deaths in NY because of #Sandy,Informative (Direct or Indirect),hassan_io
32,Information Source,Mayor Bloomberg holding press conference LIVE now on #Sandy aftermath.,Informative (Direct or Indirect),HurricSandyNews
33,Casualties and damage,Sandy fury kills in NY. Hmm balasan tuhan kot sbb the 'innocence of muslims',Informative (Direct or Indirect),husnajer
34,Casualties and damage,Sandy casualty #frankenstorm #nyc #westvillage http://t.co/gy9s6nwW,Informative (Direct or Indirect),J_Hubbell
35,Casualties and damage,#Cholera update 10/19: 7588 deaths 604045 cases. Over 100 cases in PaP alone each of last 4 days of reporting. Only get worse w/ #sandy.,Informative (Direct or Indirect),JakobJohnston
36,Unknown,University prepares for Hurricane Sandy http://t.co/9sN6Ia8L,Informative (Direct or Indirect),jesseshortt73
37,Casualties and damage,If #Sandy causes major damage FEMA stands ready to deliver Soy Lattes to NYC's Upper West Side.,Informative (Direct or Indirect),Jetsetter23
38,Caution and advice,Anyone on the road after 3 PM and not in an emergency will receive a ticket. #Sandy,Informative (Direct or Indirect),JoeKonopa
39,Caution and advice,NYC Mayor Bloomberg: Avoid using elevators in buildings use stairs instead. Stay away from windows close drapes. #Sandy,Informative (Direct or Indirect),judyrudin
40,Unknown,New York City never sleeps.... #hurricance #sandy #nyc http://t.co/pULOJI05,Informative (Direct or Indirect),Jurssproduction
41,Casualties and damage,This is...unreal. Essentially the only building with power in #NYC right now is the Empire State Building. #Sandy http://t.co/ScVhG8qH,Informative (Direct or Indirect),Killamop
42,Unknown,romney refusing fourteen times to clarify his position on FEMA in wake of sandy six days out is simply job failure... before he has the job.,Informative (Direct or Indirect),LisaMarie_Kills
43,Information Source,RT @mrspantsworth: Statue of Liberty Torchcam - gives you some idea of the force of #sandy http://t.co/eofIJ7Fe,Informative (Direct or Indirect),loloster
44,Casualties and damage,JUST IN: Nearly 300000 customers are WITHOUT power in 7 states where Hurricane #Sandy is having an impact. NJ has the most at 92000.,Informative (Direct or Indirect),lovemuhfaves
45,Caution and advice,Hurricane Sandy or else Frankestorm heading toward NYC http://t.co/OPLYDC2D,Informative (Direct or Indirect),LuciiAgudo
46,Unknown,Obama monitors #Sandy from control room he allowed deaths at Benghazi. Romney is in it actually helping. #tcot #ocra,Informative (Direct or Indirect),Marble300
47,Unknown,Riverside Drive Preparation #uws #nyc #sandy #apartment http://t.co/Kd5sSeW2,Informative (Direct or Indirect),michellearamos
48,Caution and advice,NYC closing bridges and tunnels at 7pm #Sandy,Informative (Direct or Indirect),MikeBeam
49,Unknown,"Sandy vs. Lady Liberty RT: ""@kateesackhoff: Holy shit! http://t.co/LBLJlljD #HurricaneSandy #NYC""",Informative (Direct or Indirect),missAMYELINOR
50,Casualties and damage,NYC is a disaster. Nothing like this since 9-11. Subways will be shut down for days. What a nightmare. Thanks for nothing #Sandy.,Informative (Direct or Indirect),Mizchefcooks
51,Casualties and damage,#Sandy latest: at least 50 people dead more than 8-million w/o power in 17 states 61000 New Yorkers are staying in shelters.,Informative (Direct or Indirect),MShafferforHD51
52,Casualties and damage,The aftermath of hurricane sandy #ohman http://t.co/5wFfXsRH,Informative (Direct or Indirect),mullen74d
53,Caution and advice,If you have water coming out of your faucet it is safe to drink. #Sandy,Informative (Direct or Indirect),nathancreitz
54,Caution and advice,There are mandatory evacuations in #Milford in flood zones 1-4. #Sandy,Informative (Direct or Indirect),NewsDebra
55,Caution and advice,The Hugh Cary Tunnel (Brooklyn-Battery Tunnel) will close at 2 p.m. All other MTA crossings remain open at this time. #Traffic #Sandy,Informative (Direct or Indirect),NYBCF
56,Casualties and damage,36 deaths already from hurricane Sandy so sad. My prayers go out to all the people that were impacted #Sandy #praying,Informative (Direct or Indirect),oliviaa_27
57,Caution and advice,#JFK airport in #NYC now gusting to 71 mph - the highest observed gusts so far in NYC during #Sandy.,Informative (Direct or Indirect),RebeccaMussell
58,Caution and advice,Sandy is outside Bow crib. She's here #NYC http://t.co/VJ1Mhs8T,Informative (Direct or Indirect),reyaselena
59,Unknown,Mitt Romney (net worth: $250 million) buys only $5000 dollars in food to aid #Sandy victims. Strangely thats also his FEMA budget. #fail,Informative (Direct or Indirect),rherrick3
60,Casualties and damage,bldgs on 56 & 57th st bet 6 & 7th aves evacuated due to crane collapse--inc hotel. Staging area set up by police & fire. #sandy #nyc,Informative (Direct or Indirect),RickSanchezTV
61,Caution and advice,Find open pharmacies after #Frankenstorm #Sandy in the NYC area @RxResponse @WPIX #PSRT #MedsInDisaster,Informative (Direct or Indirect),RxResponse
62,Unknown,My worst nightmare - A shark casually swimming down a road in NYC #sandy http://t.co/p1NoDMkp #sharkmare,Informative (Direct or Indirect),ryannik85
63,Caution and advice,.@NYGovCuomo orders closing of NYC bridges. Only Staten Island bridges unaffected at this time. Bridges must close by 7pm. #Sandy #NYC,Informative (Direct or Indirect),saraha64
64,Caution and advice,Emotional Care for Children in a Disaster - tips for parents #SANDY #frankenstorm http://t.co/oPMgYKCH #DT @operationSAFE,Informative (Direct or Indirect),Scribe111
65,Caution and advice,"Mayor Bloomberg: """"Please use 311 for downed trees and flooding not 911."""" #Sandy #NYC",Informative (Direct or Indirect),setsuna_quanta
66,Casualties and damage,"Sandy Killed 69 People In The Caribbean  15 People In NY  & 3 People In NJ . : ( RT To Show Respect .""",Informative (Direct or Indirect),Shauna_too_dope
67,Unknown,View of the Statue of Liberty from Battery Park City. Stay Safe New York #HurricaneSandy #NYC #sandy http://t.co/tc7t4m4T,Informative (Direct or Indirect),Sherri_Estela
68,Casualties and damage,Winning. RT @WSJweather: No fatalities in #Sandy so far in NYC.,Informative (Direct or Indirect),shultz_julia
69,"Donations of money, goods or services",In all of the excitement please don't forget about #Sandy victims. Donate money donate blood: http://t.co/mTKHmUAr,Informative (Direct or Indirect),SpiderBuggy
70,"Donations of money, goods or services","Thoughts & prayers to those affected by Hurricane Sandy. Text the word """"""""""""""""Redcross"""""""""""""""" to 90999 to make a $10 donation.",Informative (Direct or Indirect),stacyklotka
71,Unknown,BREAKING: Governor to give #Sandy briefing at 11:15am at #NYC office,Informative (Direct or Indirect),SwiftNiv
72,Unknown,#Sandy #NYC http://t.co/yvn5CFmM,Informative (Direct or Indirect),TAPEONME
73,Casualties and damage,Hurricane Sandy has done some serious damage in the NY/NJ area. People's homes are on state highways!,Informative (Direct or Indirect),tG_ViNSaNiTy
74,Caution and advice,NYC/east coast: If cell network is busy or internet is down text any #Sandy ?'s to 311692 for free. http://t.co/eeVDFqgK please R-T,Informative (Direct or Indirect),Traceyleigh33
75,Caution and advice,NYC as #Sandy forces her way into your harbor dont fight just lie back & enjoy. Its God's will. - Richard Mourdock probably,Informative (Direct or Indirect),UncleAndySF
76,Casualties and damage,At least 39 dead millions without power in Sandy's aftermath. http://t.co/NfqV1oYV,Informative (Direct or Indirect),yahoofrases
77,Casualties and damage,Most of manhattan below 39st is still without power #nyc #sandy,Informative (Direct or Indirect),YoJWhatsUp
78,Caution and advice,looks like sandy has hit stourport!,Informative (Direct or Indirect),kathsandford
79,Unknown,Not only NY...ÃƒÂ¤ÃƒÂ³ÃƒÂ¬@CNN_Oppmann: When I left Santiago de #Cuba help was finally pouring in. They need it. #Sandy http://t.co/NxAlORj9ÃƒÂ¤ÃƒÂ³Ã‚Â,Informative (Direct),_s_usan
80,Unknown,Did anyone else just see the man on a jetski off battery park in NYC??? #Sandy,Informative (Direct),afi_husky_86
81,Unknown,Just saw a guy jet skiing on the Hudson in NYC during the news #Sandy #yolo,Informative (Direct),aleahabdellatif
82,Unknown,@SJohnson831: Ohhh don't you do it Sandy.. Not yet! Power just went off and back on. Enjoying it while I can.. #believethat stay safe!,Informative (Direct),baseballaholic2
83,Casualties and damage,Wind a big problem in NYC. This midtown building is losing glass police clearing streets now #sandy http://t.co/Qv6lQIzT,Informative (Direct),bennyfactor
84,Unknown,Hurricane #sandy #nyc #35thfloor http://t.co/Jr8CmNAX,Informative (Direct),brnewmeg
85,Unknown,Hudson River at 11:39am #sandy #frankenstorm2012 #nyc http://t.co/5hfk5Mmu,Informative (Direct),BusinessBlondie
86,Unknown,Some last minute thrill seeking? #sandy #nyc @ East River Walk - 63 St to 81 St http://t.co/seCbOuUW,Informative (Direct),CBARRRR
87,Unknown,Hurricane Sandy: evidence of global warming? But here in NYC closed schools mean that many 1000's of kids don't eat. Think about that...,Informative (Direct),ccsherman
88,Caution and advice,"Bloomberg: ""Public transportation closed until further notice."" Some NYC subway tunnels flooded. Air runways flooded at airport. #Sandy",Informative (Direct),celestemc
89,Unknown,Empty streets of Soho NYC by @xhank. http://t.co/pQxgRVG1 #sandy,Informative (Direct),chrispulaski
90,Casualties and damage,bldgs on 56 & 57th st bet 6 & 7th aves evacuated due to crane collapse--inc hotel. Staging area set up by police & fire. #sandy #nyc,Informative (Direct),claudiazl
91,"Donations of money, goods or services",Hurricane Sandy Donation Tip: Go directly to a confirmed charity's website. Don't respond to unsolicited emails or pop up ads to donate.,Informative (Direct),CoconinoCounty
92,Caution and advice,If your lights go out in Toronto it will take a couple hours to a couple of days to restore. #Sandy,Informative (Direct),commoncentsmom
93,Caution and advice,#Sandy East coast search for open shelters by texting: SHELTER + a zip code to 43362 (4FEMA). Ex: Shelter 01234 (std rates apply),Informative (Direct),cubedreamer
94,Unknown,Spare a thought for all the NYC otherkin who will lose their tails in Hurricane Sandy.,Informative (Direct),DavidParis
95,Information Source,even the rats left town RT @YGNw: Eery images from the empty #NYC subways http://t.co/eCGqw1ek #sandy,Informative (Direct),dc_fusion
96,Unknown,Gov: @fema has been fantastic i have total respect for the job they are doing #sandy,Informative (Direct),DonnaLeinwand
97,Information Source,BEST LIVE updates on the unfolding Hurricane Sandy situation in NYC follow live tweeting from the scene!,Informative (Direct),DowagerDuchessR
98,Caution and advice,@TheReal_EdwardC flights to NYC are cancelled due to hurricane sandy,Informative (Direct),DProduce
99,Casualties and damage,Michigan feels Superstorm Sandy pain with power outages high winds waves http://t.co/OjgQfaC1 #green #news,Informative (Direct),ehsnewsorg
100,Information Source,Photos of the unbelievable scenes left in #Hurricane #Sandy's wake http://t.co/09U9L5rW #NYC #NJ,Informative (Direct),Englishmuffin10
101,Caution and advice,Wind is CRAZY outside right now. Have the windows slightly open and the curtains are FLYING! #sandy #nyc,Informative (Direct),EvaSaidIt
102,Unknown,Smooth ride to work - No traffic - S/o to Sandy for keepin ppl home and off the roads,Informative (Direct),Fab_FreshPrince
103,Caution and advice,#Sandy: conditions in NYC look quite peaceful with a bit of rain and wind and some problems. No dangerÃƒÂ¤ÃƒÂ³_ At least Manhattan centreÃƒÂ¤ÃƒÂ³_,Informative (Direct),florianirminger
104,Unknown,New York has become a #ghosttown - http://t.co/hsmsAJP2 | #sandy,Informative (Direct),gabriel75
105,Casualties and damage,Dear @AP people died from #Sandy in places other than the USA.,Informative (Direct),haloefekti
106,Unknown,Lower Manhattan is eerily pitch black. It's like when Ray knocked that line out and the power went down in Ghostbusters II. #nyc #sandy,Informative (Direct),IANfidance
107,Casualties and damage,Lots of trees down in our nabe but no serious damage I've yet seen. Jackson Heights QNS #nyc #sandy http://t.co/pUiWapd0,Informative (Direct),illuminantceo
108,Caution and advice,Remain in your homes while the storm is in progress. Stay away from windows: http://t.co/KQp2f2vX #Sandy #NYC,Informative (Direct),JahEmpress
109,Casualties and damage,Awnings down. #sandy #nyc http://t.co/ILJWG7KR,Informative (Direct),JaimeeRose
110,Unknown,Wow.. Never seen downtown New York so empty! #ghosttown #sandy http://t.co/dhmg4gwQ,Informative (Direct),jbgrimmiefan
111,Casualties and damage,Crane on 57 street collapsed. So dangerous! #NYC #Hurricane #Sandy http://t.co/s6T3oHtR,Informative (Direct),jigsketch
112,Caution and advice,Everyone in NYC and surrounding areas BE SAFE!!! Praying for you all #Sandy,Informative (Direct),jimmbboe
113,"Donations of money, goods or services",Hurricane shelter at Brooklyn Tech (Ft. Greene) need PM volunteers & towels. 475 evac'd hosp patients contact me for info #Sandy #plsRT,Informative (Direct),joellegarfinkel
114,Unknown,Wind is starting to pick up lights just flickered off and then on again after we heard a big thud! #Cranford #NJ #Sandy,Informative (Direct),Joellini
115,Information Source,An inside look at NYU hospital's near disaster amid #Sandy by @DrLaPook http://t.co/DkPjVctS,Informative (Direct),joeperrone
116,Casualties and damage,MT @jsjohnst: #flood Cop car in the middle of street has water up over the bottom of the car. #loc Avenue C & 23rd Street #Sandy #nyc,Informative (Direct),kate30_dev
117,Unknown,New York City never sleeps.... #hurricance #sandy #nyc http://t.co/pULOJI05,Informative (Direct),klink3r
118,Information Source,Possibly one of the most amazing things I've ever seen. #TombOfTheUnknownSoldier #Sandy http://t.co/MiGmwQRs,Informative (Direct),KMertzzz
119,Unknown,Does the broken NYC crane have a Twitter account yet? #Sandy,Informative (Direct),lauramannino
120,Casualties and damage,NYC firefighters look up at a collapsed crane dangling from a building | http://t.co/8abQk4SC #Sandy,Informative (Direct),LiamNee
121,Information Source,Real time instagram pics of the #Sandy happenings in NYC ! http://t.co/wd2zww1M via @konbini,Informative (Direct),Lolakakon
122,Unknown,Howard Beach @ 6pm. #Sandy #flood #hurricane #nyc http://t.co/6jwYLif1,Informative (Direct),LovelyLullaby23
123,Casualties and damage,NYC firefighters look up at a collapsed crane dangling from a building | http://t.co/8abQk4SC #Sandy,Informative (Direct),LoweyWard
124,Caution and advice,@NewYorkPost: New York City never sleeps.... #hurricance #sandy #nyc http://t.co/B9BiLs8x empty streets in the concrete jungle!,Informative (Direct),luisdessommes
125,Caution and advice,NYCÃƒÂ¤ÃƒÂ³Ã‚Â»ers w/phone network overload or no Internet can text QÃƒÂ¤ÃƒÂ³Ã‚Â»s to 311692 for info or help. #Sandy Please RT,Informative (Direct),markustedeschii
126,Casualties and damage,MT @ZaidaGrunes: #ParkSlope #Brooklyn Huge Downed Tree taken by @jayobey93 #Sandy #Frankenstorm #NYC @DNAinfo http://t.co/uzZQe1Ee,Informative (Direct),MathewKatz
127,Caution and advice,Just interviewed a storm chaser who says this is the worst storm in 100 years. Says the next 72 hours in NYC especially will be chaos #Sandy,Informative (Direct),MattJohnstonTV
128,Unknown,#hurricane #sandy #nyc http://t.co/Ksdy2EiD,Informative (Direct),MisterColinGray
129,Caution and advice,Driving in this is no joke this _ÃƒÂ´Ã‚Â»Ã‚â€  #Sandy,Informative (Direct),mocha_93
130,Casualties and damage,my street is almost starting to flood like by the end of the day #sandy woo :P,Informative (Direct),ms_horan93
131,Caution and advice,We've seen some crazy waves & wind here in New Buffalo from Hurricane Sandy. Lost a few cushions & some soffitt... http://t.co/v8SGOHpT,Informative (Direct),NewBuffaloInn
132,Caution and advice,New Dramatists will be closed on Tuesday Oct. 30 due to Hurricane Sandy. Hang in there.,Informative (Direct),NewDramatists
133,Caution and advice,wind and rain are starting up... SANDY'S COMIN,Informative (Direct),nicholatrinh
134,"Donations of money, goods or services",If any of you Brooklyn Residents were severely impacted by Sandy and need items such as clothes or furniture to... http://t.co/8CN8sUlh,Informative (Direct),NylonTrax
135,Unknown,While I can verify that the previous photo of the Hurricane Sandy descending upon NYC is a fake (technically not... http://t.co/2rHtMaqB,Informative (Direct),PatrickLangrell
136,Unknown,#sandy #hudson #nyc #wetside @mrbaileynyc @ Hudson River Park http://t.co/hlF80sks,Informative (Direct),pfrank1
137,Caution and advice,The wind's really picking up out there ... #sandy #nyc http://t.co/OJaeiNB9,Informative (Direct),philcloh2o
138,Casualties and damage,Crane on 57 street collapsed. So dangerous! #NYC #Hurricane #Sandy http://t.co/s6T3oHtR,Informative (Direct),pindabaas
139,Information Source,I uploaded a @YouTube video http://t.co/kRWlHaXN MW3 :: Hurricane Sandy | Kill Confirmed,Informative (Direct),PyroXL
140,"Donations of money, goods or services",Generators and supplies are needed for the #Rockaways #Sandy! #NYC . Big box help needed. #HomeDepot #Lowes #Walmart . Food- Water - Power !,Informative (Direct),RhinebeckDesign
141,Unknown,hurricane sandy so far from my nyc kitchen window 2:00-4:30 PM http://t.co/EYC9N4x0 #hurricane #sandy #timelapse,Informative (Direct),rileyf
142,Unknown,After Sandy crop dusted her wet and foul anguish across the sweaty gluteus of Miami the sun shines bright again. http://t.co/ZURquDD2,Informative (Direct),ronyam
143,Caution and advice,Now we gotta a damn high wind thanks to that bitch Sandy,Informative (Direct),SoLowKey1
144,Caution and advice,How to Find the Hurricane Sandy Shelter Closest to You http://t.co/QabOr5a1,Informative (Direct),SoulNav
145,Unknown,Seems all the praying is working as nothing is happening storm wise in the centre of Manhattan anyway. #storm #sandy #nyc,Informative (Direct),stephenoreg
146,Unknown,Maldito Sandy! NYC #frankenstorm http://t.co/xh80uEe6,Informative (Direct),sthefanysonica
147,Casualties and damage,Most of the water in NYC had receded but debris is everywhere. Movement around LI is going to be difficult at best. #sandy,Informative (Direct),StormhunterTWN
148,Caution and advice,Winds howling crazy like a banshee thru NYC - bring it on Hurricane Sandy! (good call for the city govt. to shut everything down today),Informative (Direct),SuSohn
149,Unknown,Lost my tv signal to see #Sandy updates but still grateful for internet and con ed in Harlem.,Informative (Direct),TFNOW
150,Information Source,This is by far one of the most ominous shots from NYC! Good luck friends and family. God speed folks! #sandy http://t.co/hpANdaW2,Informative (Direct),TheToddHarris
151,Casualties and damage,NYC firefighters look up at a collapsed crane dangling from a building | http://t.co/8abQk4SC #Sandy,Informative (Direct),ThinkinAmerican
152,Caution and advice,Panic rules in NYC as Starbucks closes all locations with Hurricane Sandy coming ashore,Informative (Direct),timmyodea
153,Unknown,Amazing soldiers standing at the Tomb of the Unknown Soldier during hurricane Sandy. http://t.co/h2AKd0kJ,Informative (Direct),tmill16
154,Unknown,Non-stop ambulances and fire trucks crazy winds and random sounds of things crashing. I think #sandy is finally in NYC.,Informative (Direct),troyjlambert
155,Caution and advice,And so it begins. The storm is getting closer and closer and the wind gets stronger and louder...#sandy,Informative (Direct),vickyXlee
156,Caution and advice,The wind is seriously intense right now!!! Time to get inside people. I love an adventure for a photo but let's be safe. #sandy #NYC,Informative (Direct),wyattgallery
157,Casualties and damage,At least 39 dead millions without power in Sandy's aftermath. http://t.co/Wdvz8KK8,Informative (Indirect),_3091004140882
158,Information Source,Watch Hurricane #Sandy prowling the East Coast up to the morning in a timelapse video of satellite images. http://t.co/4C78dm5H,Informative (Indirect),_KieranJD_
159,Caution and advice,President Obama declares states of emergency in New York and Massachusetts due to #Hurricane #Sandy. http://t.co/tf7VoWGI,Informative (Indirect),_LetsFlyAway_
160,"Donations of money, goods or services",NJ Guard delivers food to trapped Hoboken residents - USA TODAY: ABC NewsNJ Guard delivers food to trapped Hobok... http://t.co/9Cke8HgB,Informative (Indirect),00ASHLEYMARIE00
161,Unknown,Awesome. Go NYC. RT @pourmecoffee: Empire State Building shines in the dark like a boss. http://t.co/HLuLBW05 #sandy,Informative (Indirect),0odin
162,Unknown,"Former FEMA Director """"Brownie"""" criticizes Obama for quick #sandy response? You cannot make this stuff up.",Informative (Indirect),100yearsofmovie
163,Caution and advice,NYC's Bellevue Hospital Set to Evacuate - ABC News: ABC NewsNYC's Bellevue Hospital Set to EvacuateABC NewsNew Y... http://t.co/OqAnDoHf,Informative (Indirect),1sthealthnews
164,Unknown,Fox News mocks science gives airtime to climate denier who dismisses link between global warming and superstorm http://t.co/nFXILYWv,Informative (Indirect),2dialogue
165,Unknown,"this is ironic given comments by certain """"pastors"""" yesterday. RT Double Rainbow Shines in NYC After Superstorm Sandy http://t.co/XIXPnS5a",Informative (Indirect),30ftspirit
166,Unknown,LIVE: US President @barackobama arrives in Atlantic City New Jersey to inspect damage caused by#Sandy http://t.co/H9FXzHLQ,Informative (Indirect),68Burakali
167,Casualties and damage,NYC firefighters look up at a collapsed crane dangling from a building | http://t.co/8abQk4SC #Sandy,Informative (Indirect),777acjw
168,Casualties and damage,ok .. things aren't looking too bad for the GTA right now .. http://t.co/0lZOx9mA,Informative (Indirect),953KROCK
169,Unknown,BREAKING: Hurricane Sandy to close New York Stock Exchange for second day http://t.co/VX1qWtYK,Informative (Indirect),961KISS
170,Casualties and damage,Superstorm #Sandy washes up tanker onto New York's Staten Island. Photo: http://t.co/MNxRVJhf (via @GMA),Informative (Indirect),99prcnt47percnt
171,Casualties and damage,WOW scary! RT @Zamba4: That's haunting!. Flooding already.RT @doublebeee: Wow. NYC today. #Sandy http://t.co/FicisQqk,Informative (Indirect),A_MzTurree
172,Caution and advice,Mashable Media Summit Rescheduled Due to Hurricane Sandy: We have all seen over the past few days that Hurrica... http://t.co/aPChWvbb,Informative (Indirect),abc_coza
173,Caution and advice,NEW INFO: Sandy hitting gas pedal. Speeding up. Earlier collision with shore scheduled. Expect lots of damage. http://t.co/lxWv1Fhz - NBC4,Informative (Indirect),AboveAverageA
174,Unknown,Home improvement stocks set to lead S&P 500 after storm: NEW YORK (Reuters) - Stocks in home improvement chains ... http://t.co/IIVNzLOY,Informative (Indirect),Abumhung
175,Casualties and damage,Sandy Storms Across Pennsylvania Leaving Flooded NYC in Dark http://t.co/54sIVW57 via @Newsmax_Media,Informative (Indirect),aceichman
176,Caution and advice,Wind gusts over 60 mph are being reported at Central Park and JFK airport in #NYC this hour - TWC #Sandy -- @70torinoman (@caribnews),Informative (Indirect),adri16
177,Casualties and damage,NYPD source confirms 2 more #sandy deaths in NYC: Man 55 in flooded downtown Manhattan basement & 14 yr old girl by Staten Island shore.,Informative (Indirect),aipsun
178,Casualties and damage,Superstorm SandyÃƒÂ¤ÃƒÂ³Ã‚Â»s trail of destruction kills more than 100 http://t.co/KTKuDCeJ #alarabiya #Sandy #USA http://t.co/QAerfZyT,Informative (Indirect),AlArabiya_Urdu
179,Unknown,#Sandy - storm chasing with Chip aka @jimnorton Battery Park #NYC #newyorkcity http://t.co/EEgVU6hF,Informative (Indirect),AlexTimo
180,"Donations of money, goods or services",RT @georgiaema: For Hurricane Sandy volunteer and donation information please click on this link. http://t.co/emjUjOs9 #hmrd,Informative (Indirect),Aline_Carr
181,Caution and advice,The time for evacuation is over. Conditions are dangerous and will get worse. Please stay where you are #Sandy #NYC http://t.co/KQp2f2vX,Informative (Indirect),alj770
182,Information Source,LIVE: US President @barackobama arrives in Atlantic City New Jersey to inspect damage caused by#Sandy http://t.co/H9FXzHLQ,Informative (Indirect),AllisonGolds
183,Casualties and damage,Sandy kills 50 people nationwide 18 were New York City residents. More than 8 million homes still without power across 17 states.,Informative (Indirect),Amelia__Earhart
184,Casualties and damage,Bloomberg: 3/4 of a million in #NYC without power. #Sandy,Informative (Indirect),amommyinthecity
185,Casualties and damage,MTA chairman: There are 7 subway tunnels that connect Manhattan to Brooklyn & Queens all 7 are flooded #nyc #Sandy #fb,Informative (Indirect),andyjoriginal
186,Caution and advice,#BREAKING: #Sandy now 40 miles from New Jersey as winds water swell #SandyNJ http://t.co/sEQMLFv3,Informative (Indirect),annemaccat
187,Casualties and damage,"Mayor Bloomberg calls it storm ""devastating"" and ""perhaps worst"" in NYC history. #Sandy",Informative (Indirect),antimlopez
188,Information Source,In Pictures: Recovery starts after deadly storm Sandy http://t.co/1UE9LQWw,Informative (Indirect),anummedia
189,Casualties and damage,Sandy kills 48 leaves over 8.2 million in the dark in US http://t.co/khMJkUJD,Informative (Indirect),AnyaObinna
190,Unknown,BBC News - Storm Sandy: Obama to survey devastation in Atlantic City http://t.co/lOFk39A9,Informative (Indirect),arawis
191,"Donations of money, goods or services",Emergency Shelters for #Sandy are still in need of help- and will be for a few days. Volunteer. http://t.co/0jIAKoJk,Informative (Indirect),arthurcundy
192,Information Source,Photos: The Hurricane Sandy Aftermath: She came she saw she destroyed. http://t.co/AyEyfY4k #Sandy #P2 #Weather,Informative (Indirect),arundevkr
193,Caution and advice,NYC Mayor Michael Bloomberg to hold press conference on #Sandy momentarily. Watch Live: http://t.co/8fIXrOiY,Informative (Indirect),asrulsidiq
194,Caution and advice,#BREAKING: #Sandy now 40 miles from New Jersey as winds water swell #SandyNJ http://t.co/sEQMLFv3,Informative (Indirect),attynyc212
195,Caution and advice,#BREAKING: #Sandy now 40 miles from New Jersey as winds water swell #SandyNJ http://t.co/sEQMLFv3,Informative (Indirect),beachhomesnj
196,Unknown,#NYC #still_Standing #flooded #After #SANDY #storm #hurricane #abc7news #NY1News #rebuild #recover #cleanup http://t.co/UaqNSpm7,Informative (Indirect),BenjiTheBarber
197,Casualties and damage,ALERT: At least 168 people stranded in some 59 locations in Manhattan Staten Island Queens Brooklyn Coast Guard tells CNN. #sandy #nyc,Informative (Indirect),bethmehring
198,Information Source,Photos: Superstorm Sandy hits the Northeast http://t.co/SoIrEL89,Informative (Indirect),bfp_news
199,Information Source,This tanker was washed onto Staten Island's shore by #Sandy! Incredible photo: http://t.co/RyS0MRH5 More here: http://t.co/FXYaYjIb,Informative (Indirect),bianca_lutai
200,Caution and advice,NYC ALERT: All pets are accepted on the subway taxi and trains during evacuation. #Sandy #SandyPets,Informative (Indirect),biasia
201,Casualties and damage,Hurricane Sandy affecting internet websites http://t.co/afkiV7Hw #edpt20012,Informative (Indirect),Biner05
202,Caution and advice,'SET YOUR WATCHES FOR 8 P.M:' That's when #Sandy will unleash furious waves on New York City http://t.co/soE3zq3s,Informative (Indirect),BiscardiA
203,Casualties and damage,At least 13 U.S. deaths are being blamed on #Sandy which has knocked out power to an estimated 5.2 million people. http://t.co/ppZ2PmEm,Informative (Indirect),blin90
204,Caution and advice,WireUpdate U.S. stock markets to reopen Wednesday after Sandy kills 43: NEW YORK CITY (BNO NEWS) -- Major stock ... http://t.co/1QJ8VCRv,Informative (Indirect),bnogr
205,Casualties and damage,Mayor: Our two biggest challenges going forward will be getting our transit system and power grid up and running. #Sandy,Informative (Indirect),Bobby_Trendz
206,Casualties and damage,"Bloomberg ""our priority is protecting lives."" 10 dead in NYC from Sandy.",Informative (Indirect),BoingBoing
207,Caution and advice,Hurricane Sandy expected to make landfall along or just south of southern NJ coast by early evening - @NHC_Atlantic http://t.co/S4Otj1kk,Informative (Indirect),breakingstorm
208,Unknown,BREAKING: Governor to give #Sandy briefing at 11:15am at #NYC office,Informative (Indirect),brengirl16
209,Unknown,@ABCNews24 Breaking: Haitians desperate for news of how New Yorkers are coping after #Sandy,Informative (Indirect),bromideW
210,Caution and advice,In advance of the arrival of Hurricane Sandy please prepared to keep an eye out for storm drains whose tops are... http://t.co/8ro4trG5,Informative (Indirect),BTVDPW
211,Caution and advice,Mayor Bloomberg live NYC #sandy update here now: http://t.co/84uM94Kh,Informative (Indirect),BuzzFeed
212,Unknown,**BREAKING** #Sandy establishes lowest pressure EVER recorded 4 an Eastern Atlantic hurricane: 940mb as of 2pm &90 MPH http://t.co/li7vOZH7,Informative (Indirect),Cairo67Unedited
213,Casualties and damage,Hurricane Sandy. 133 confirmed deaths. Do you still think its funny? Because it breaks my heart. http://t.co/GgjsP8Og,Informative (Indirect),calii_loveee
214,Casualties and damage,Sandy kills 48 millions in the dark http://t.co/I9GOSOXc via @sharethis,Informative (Indirect),callface01
215,Caution and advice,Start cleaning up quickly after hurricane flooding to prevent mold. http://t.co/WGgfSimu,Informative (Indirect),CalorieLab
216,Caution and advice,AWWWW RT @ASPCA: NYC ALERT: All pets are accepted on the subway taxi and trains during evacuation. #Sandy #SandyPets,Informative (Indirect),camai_
217,Information Source,BREAKING: Governor to give #Sandy briefing at 11:15am at #NYC office,Informative (Indirect),CapitalTonight
218,Caution and advice,LIVE NOW: the Mayor is updating New Yorkers on #Sandy: http://t.co/1y3SaPsl,Informative (Indirect),CarolHelf
219,Unknown,As Sandy surged Internet use spiked http://t.co/ZJ4QXr0j via @CNET,Informative (Indirect),CasilasiDavid
220,Unknown,Huge surf in Chicago? Blizzard in Maryland? Just 2 of the offbeat effects projected with mammoth #Hurricane #Sandy http://t.co/noBkQFFr,Informative (Indirect),Cathie_amdg
221,Casualties and damage,On infrastructure aid & recovery in #Haiti where hundreds of thousands go homeless after natural disasters http://t.co/cPljLvEy #Sandy,Informative (Indirect),Catularity
222,Unknown,HURRICANE SANDY http://t.co/HMiBbe6D,Informative (Indirect),CezarLeo_
223,Caution and advice,MONSTER STORM SANDY SET TO SLAM NYC AND TRI-STATE REGION: AS HURRICANE SANDY PICKS UP SPEED forecasters say it will slam into New Je...,Informative (Indirect),CGaye2
224,Caution and advice,#BREAKING: #Sandy now 40 miles from New Jersey as winds water swell #SandyNJ http://t.co/sEQMLFv3,Informative (Indirect),Cholosocksgirl
225,Casualties and damage,NYC firefighters look up at a collapsed crane dangling from a building | http://t.co/8abQk4SC #Sandy,Informative (Indirect),Chriseldalewis
226,Caution and advice,NYC Hurricane Sandy 2012 Update: Storm to Shut Down City on Tuesday http://t.co/ZS97FeGR,Informative (Indirect),ChrisJACooper
227,Information Source,Sandy Pic: Tomb of the Unknown Soldier http://t.co/r25PQ3lT via @sharethis #blesstheUSA,Informative (Indirect),ChrisMader30
228,Casualties and damage,MT @NYGovCuomo: Entrance to Battery Park flooded NYC DOT truck seen submerged http://t.co/90TS0xac #Sandy,Informative (Indirect),ChrissyCake7
229,Information Source,Statue of Liberty preps for the arrival of #Sandy. #NYC (don't know origin of pic) http://t.co/ZYbZo5Re,Informative (Indirect),ChuckyT3
230,Caution and advice,#BREAKING: #Sandy makes landfall in New Jersey. #NJ http://t.co/oxTN1BKB,Informative (Indirect),CirocBoyNick
231,Unknown,Sesame Street Teaches Your Kids About Hurricane Sandy http://t.co/WPsZu831,Informative (Indirect),CiscoAddict
232,Unknown,Too soon? #hurricanesandy #sandy @lsulliivan chasin_dayton http://t.co/AVi5iEFC,Informative (Indirect),clarissaram
233,Casualties and damage,SANDY: At least 300000 customers w/o power in 7 states; New Jersey most outages w/ over 91500 in the dark #CNN,Informative (Indirect),CNNkimsegal
234,Caution and advice,The time for evacuation is over. Conditions are dangerous and will get worse. Please stay where you are #Sandy #NYC http://t.co/KQp2f2vX,Informative (Indirect),coastalvegan
235,Casualties and damage,NYPD's public information office reports there have been five storm-related deaths in NYC. http://t.co/xzTcTLGl #Sandy,Informative (Indirect),colinjones
236,Caution and advice,Sandy to cause 'record extreme coastal flooding' http://t.co/KHls8eDj via @AsburyParkPress,Informative (Indirect),colleen52390759
237,Casualties and damage,Non-AmericansÃƒÂ¤ÃƒÂ³ÃƒÂ®54 in Haiti 11 in CubaÃƒÂ¤ÃƒÂ³ÃƒÂ®are people too. MT @nytimes: At least 39 people have died due to Hurricane Sandy. http://t.co/RF12OEvu,Informative (Indirect),CompromisedNGOs
238,Casualties and damage,Sandy left 250000 people homeless in Haiti. The country wasn't prepared and now it's decimated.,Informative (Indirect),ConorPDunne
239,Caution and advice,Sandy: East coast braces for hurricane ÃƒÂ¤ÃƒÂ³Ãƒâ€“life-threateningÃƒÂ¤ÃƒÂ³Ã‚Â» storm surge http://t.co/zD0IJNRA,Informative (Indirect),conquilia
240,Information Source,RT @usefularts: Have you seen @google's storm data tracking map? Adding time lapse for context would be nice http://t.co/PXvVbOv4 #ddj #data,Informative (Indirect),ConsultRamy
241,Casualties and damage,U.N. Security Council relocates due to storm damage: envoys http://t.co/RQTQPzYV,Informative (Indirect),Crime_Tweeters
242,Information Source,"But... RT @thinkprogress: Bush's FEMA director Scott Brown criticizes Obama for responding to Sandy too ""quickly"" http://t.co/xZgyzZzO",Informative (Indirect),CrwnedVic
243,Information Source,ÃƒÂ¤ÃƒÂ³ÃƒÂ¬@MTV: What the flood?! 10 photos of NYC hurricane aftermath: http://t.co/1tslqlAn #SandySucksÃƒÂ¤ÃƒÂ³Ã‚Â holy shit... So sad_ÃƒÂ´Ãƒâ€“Ã‚â€š,Informative (Indirect),csughrue
244,Casualties and damage,NYC firefighters look up at a collapsed crane dangling from a building | http://t.co/8abQk4SC #Sandy,Informative (Indirect),ctbne
245,Caution and advice,LIVE VIDEO: NYC Mayor Michael Bloomberg updates residents on Hurricane #Sandy http://t.co/XtzsBslf,Informative (Indirect),Cubfnatic
246,Casualties and damage,Oh great! ÃƒÂ¤ÃƒÂ³ÃƒÂ¬@NYTMetro: ConEd: Number of NYC-area customers without power is about 68700 and is sure to keep rising http://t.co/bfRGmgiVÃƒÂ¤ÃƒÂ³Ã‚Â,Informative (Indirect),CWSSeignious
247,Casualties and damage,#frankenstorm #nyc RT @queenscourier UPDATE: Outages in #Queens have reached more than 19000 #ConEd customers http://t.co/IA3Vhf3U #Sandy,Informative (Indirect),CyMadD0x
248,Casualties and damage,#BreakingNews - 8.1 million now without power in 18 states from #Superstorm #Sandy,Informative (Indirect),cynthiajr00
249,Unknown,How Adland Is Weathering Hurricane #Sandy via @Adage http://t.co/CuiGc6V5,Informative (Indirect),DailybreakBiz
250,Caution and advice,JFK recorded a wind gust to 66mph at 1:36pm. Just short of hurricane force. Still 8-10hrs from landfall. http://t.co/4Cswv26R #Sandy,Informative (Indirect),DanaGalColeman
251,Caution and advice,NYC ALERT: ALL evacuation shelters are pet friendly - don't leave your pets behind! http://t.co/Xs6MngZp #SANDY #sandypets,Informative (Indirect),Daneeo1985
252,Casualties and damage,Hi guys! ::waves back:: RT @TIME NYC firefighters look up at a collapsed crane dangling from a building | http://t.co/dcb9fvRf #Sandy,Informative (Indirect),Dangling_Crane
253,Caution and advice,Hurricane #Sandy shaping up as record-breaking storm. http://t.co/SrOGBdL4,Informative (Indirect),DanTRusu
254,Caution and advice,Mayor Bloomberg will update New Yorkers on #Sandy at 10 AM. Will be live on http://t.co/wl7rGW1H.,Informative (Indirect),DareIBuild
255,"Donations of money, goods or services",Lashkar-e-Taiba founder Hafiz Saeed offers US aid after Hurricane Sandy. US demurs says he looks like Peter Bull http://t.co/NhAmGTyI,Informative (Indirect),daviddonadio
256,Unknown,Good News! FEMA White House Send Storm Victims To Internet http://t.co/3gm6ffLV via @BeforeItsNews Power out from Sandy? Need help? #CFSA,Informative (Indirect),deadtwo
257,Casualties and damage,MTA chairman: There are 7 subway tunnels that connect Manhattan to Brooklyn & Queens those 7 are flooded #nyc #Sandy,Informative (Indirect),deniseportesy
258,Information Source,4 great live streaming webcams from Fager's Island in Ocean City MD as #Sandy moves in http://t.co/AvdeDZIU,Informative (Indirect),Dennix30
259,Information Source,The Science of Hurricane Sandy Liveblog http://t.co/Beub7P3E,Informative (Indirect),DeobandTablighi
260,Casualties and damage,Total deaths due to superstorm Sandy now at 94 with 26 in the U.S. - details: http://t.co/Ddv2x5uM,Informative (Indirect),DerrickJaxn
261,"Donations of money, goods or services",Anyone being affected by Hurricane #Sandy can text 311692 for info or help. Please RT this could possibly save lives. http://t.co/RFOSa3em,Informative (Indirect),devon_evert
262,Casualties and damage,Between NYC/Westchester/Long Island and New Jersey there are 1.26 million customers without power. #Sandy,Informative (Indirect),Dgood73
263,"Donations of money, goods or services",ASPCA responders are on the ground in NYC helping to care for pets evacuated by #Sandy! http://t.co/qluu4m0E #sandypets,Informative (Indirect),Diamondgirl4gm
264,Information Source,"GET THIS NEWS: ""One of the biggest storms of our lifetimes is unfolding right now."" http://t.co/GKrfn4Qf",Informative (Indirect),DigitalDDynasty
265,Caution and advice,5:15pm Ready to crest North Cove marina lower wall/pier. 4+ft to Esplanade #BPC #NYC @AP @BrianLehrer @Gawker #Sandy,Informative (Indirect),dingbat
266,Caution and advice,Wind gusts over 60 mph are being reported at Central Park and JFK airport in #NYC this hour. #Sandy,Informative (Indirect),DITZABELLA
267,Caution and advice,Updated Website! Storm Sandy Schedule Update - We've been praying that you are all safe in the aftermath of this sto... http://t.co/21Kq3Dkx,Informative (Indirect),DixHillsChurch
268,Unknown,Empty Times Square. #NYC #Sandy @ Times Square http://t.co/WdVsFQWt via @johndeguzman,Informative (Indirect),Djoowen
269,Caution and advice,Several Bridges Set to Close Because of #HurricaneSandy #Sandy #NYC http://t.co/3BnewQxJ,Informative (Indirect),DNAinfo
270,Caution and advice,Mayor Bloomberg Updates NYC On #Sandy http://t.co/45AjuROW LIVESTREAM NOW,Informative (Indirect),DNDailyPolitics
271,Unknown,Absolutely incredible. Tomb of the Unknown Soldier continues to stay guarded throughout Hurricane Sandy. http://t.co/fewg8QNV,Informative (Indirect),doe_jonnydoes
272,"Donations of money, goods or services",Volunteers needed today in Park Slope at John Jay HS and the Armory; adults only. Details here: http://t.co/5JtJsfJR #parkslope #sandy,Informative (Indirect),DoGoodBklyn
273,"Donations of money, goods or services",Make a donation to help the dog of Jessie Streich-Kest who was killed in Ditmas Park during #Sandy: http://t.co/qGSDi7vU,Informative (Indirect),DPCornerblog
274,Unknown,Anyone else notice how much cleaner #NYC subway/train stations look without people in them? http://t.co/Hc94EN6r #Sandy,Informative (Indirect),dunnpatrick
275,Unknown,New York Times slams Romney as Sandy slams New York | Fox News http://t.co/mT3F1nCT via @fxnopinion #fireObama #RomneyRyan2012 #teaparty,Informative (Indirect),DyingSpirit
276,"Donations of money, goods or services",Emergency Shelters for #Sandy are still in need of help- and will be for a few days. Lend a hand: Volunteer. http://t.co/jzYo2dI6,Informative (Indirect),EbsTheWay
277,Information Source,hurricane #Sandy dashboard for #NYC http://t.co/F1H6cWCh created by @melanarchy #graphs #weather,Informative (Indirect),edgar
278,Information Source,A Time-Lapse of the NYC Sky During Sandy http://t.co/KIi2vq7B feels simultaneously ominous and comforting,Informative (Indirect),ekasriel
279,Information Source,Cool collection of webcams to provide a high-and-dry look at Hurricane Sandy http://t.co/BSg6NwXP via @USATODAY,Informative (Indirect),eldavixxl
280,Casualties and damage,NYC building had numerous construction complaints before crane collapse | http://t.co/7EDmKOp3 (via @TIMENewsfeed) #Sandy,Informative (Indirect),elvislovers
281,Information Source,BBC News - In pictures: New York flooded by Tropical Storm Sandy http://t.co/aCsL511x,Informative (Indirect),Elysium_UK
282,Caution and advice,Menacing clouds loom over #NYC today in advance of Hurricane #Sandy. #Frankenstorm http://t.co/Blm4kUzw,Informative (Indirect),EMaloneG
283,Casualties and damage,In the other #News; Sandy causes at least 30 U.S. deaths http://t.co/soxAGnfs #cnn,Informative (Indirect),Emashoo
284,Casualties and damage,Collapsed crane 57th St. NYC. #Sandy http://t.co/aacHxZYs,Informative (Indirect),emmenberg
285,Information Source,VIDEO: Timelapse video shows Sandy's assault on NYC and the moment the lights went out. http://t.co/k4hRRVrC,Informative (Indirect),Eric_Kanavathi
286,Unknown,New York City never sleeps.... #hurricance #sandy #nyc http://t.co/pULOJI05,Informative (Indirect),eseal82
287,Casualties and damage,#NYC Mayor @MikeBloomberg on #Sandy: May be the worst (storm) we have ever experienced. Watch live briefing on http://t.co/FOkSw980,Informative (Indirect),ESPN_JorgeRamos
288,Unknown,@anna90ar http://t.co/wltnNyRP,Informative (Indirect),Estarriola
289,Casualties and damage,Tripping off that huge crane that NYPD says they may have to let fall on 57th and 7th Ave.. No way they can secure it from #sandy,Informative (Indirect),exileinflyville
290,Unknown,A shark was photographed swimming on the road in New Jersey #sandy pic #MB : http://t.co/gGr5xVOd,Informative (Indirect),fabulousford
291,Casualties and damage,Apple Store gets sand bagged in the Meatpacking Dristict. #hurricane #sandy #nyc http://t.co/mfbG5fzz,Informative (Indirect),faezaauzar
292,Casualties and damage,On GEO after 25 mins reporting on 30 causalities in USA by Sandy there was 2 mins report for 25 deaths in Pakistan as well. @Shahidmasooddr,Informative (Indirect),FahidJaved
293,Caution and advice,it will take a day or two to recover...[some things] into the weekend--@mikeBloomberg #sandy #nyc,Informative (Indirect),faiza_n_ali
294,Caution and advice,Storm will keep financial markets closed Tuesday: NEW YORKÃƒÂ¤ÃƒÂ³ÃƒÂ®Major U.S. stock and bond markets will be closed beca... http://t.co/AniU2e8q,Informative (Indirect),fanlacrosse
295,Unknown,"#Amazing!""@MotivateAthlete: Tomb of the Unknown Soldier continues to stay guarded throughout #Hurricane #Sandy. http://t.co/wWNJ3u9N""",Informative (Indirect),Farrahna11
296,Casualties and damage,NYC firefighters look up at a collapsed crane dangling from a building | http://t.co/8abQk4SC #Sandy,Informative (Indirect),fbarbie6
297,Caution and advice,UPDATE: All Broadway performances in NYC Monday 10/29 and Tuesday 10/30 have been cancelled. #Sandy More info: http://t.co/lYJ7xUrB,Informative (Indirect),fdilella
298,Casualties and damage,RT @mpoppel: BREAKING -- About 6200 customers without power in NJ due to #Sandy; up from 2100: http://t.co/96ZIR3o5,Informative (Indirect),FLYCardiff
299,Casualties and damage,Two Children Killed By Fallen Tree During Hurricane Sandy ÃƒÂ¤ÃƒÂ³ÃƒÂ® So Sad http://t.co/7VSqFj7o,Informative (Indirect),FolowMeNGetLost
300,Information Source,Some dramatic photos of storm damage: http://t.co/9rznNcKy,Informative (Indirect),foulknews
301,"Donations of money, goods or services",Emergency Shelters for #Sandy are still in need of help- and will be for a few days. Lend a hand: Volunteer. http://t.co/hWMtdcQk,Informative (Indirect),FriendsofEbonie
302,Unknown,Hurricane Sandy #NYC http://t.co/9wvyhitC,Informative (Indirect),FukkYhu_ETD
303,Unknown,Obama lands in Atlantic City New Jersey to observe #Sandy damage -ABC,Informative (Indirect),gabiano201
304,Unknown,Romney and other Republican dolts will laugh. But Sandy shows there IS a need to heal the planet. http://t.co/3DaVgTx6 via @dailykos,Informative (Indirect),gaprider
305,Information Source,Breathtaking view of #Sandy from space.. On the ground places like Atlantic City in a flood zone -&gt; 1 to 5 ft water depths reported!,Informative (Indirect),Gary_Archibald
306,Information Source,#Sandy - jetskier down Battery Park #NYC #newyorkcity vid soon youtube - OpieRadio http://t.co/wRmvMA5m,Informative (Indirect),GaryJ06
307,"Donations of money, goods or services",If in immediate need of shelter please visit http://t.co/Pgxt83by to locate your nearest options. #shelter #Sandy,Informative (Indirect),georgesadler
308,Information Source,Watch this amazing Hurricane Sandy time-lapse video that shows the moment the lights went out in NYC: http://t.co/QDfCfmgD,Informative (Indirect),GidgetWA
309,Casualties and damage,NYC firefighters look up at a collapsed crane dangling from a building | http://t.co/8abQk4SC #Sandy,Informative (Indirect),gildapramoss
310,Caution and advice,JFK Newark airports reopen on limited operational schedule after #Sandy http://t.co/lzW7vRB2 &gt; LaGuardia still closed #NYC,Informative (Indirect),Global_Montreal
311,Casualties and damage,RT @AP: AP Video: In New Jersey #Sandy destroyed several blocks of Atlantic City's world-famous boardwalk: http://t.co/TErK4JVK -RAS,Informative (Indirect),glorious_glo
312,Caution and advice,Wow the satalite images and shots coming out of NYC are really scary. #StaySafe #Sandy,Informative (Indirect),Halled
313,Casualties and damage,48 people confirmed dead so far from Hurricane Sandy hope no more die,Informative (Indirect),harveyfancyabum
314,Caution and advice,LIVE NOW: the Mayor is updating New Yorkers on #Sandy: http://t.co/1y3SaPsl,Informative (Indirect),HealthcareWen
315,Caution and advice,Mayor Bloomberg: The 76 shelters we opened will remain open today. #Sandy #NYC,Informative (Indirect),HeiddiZ
316,Unknown,Wonderful story in @globeandmail about a #yorku grad student making a difference. #sandy #yorkpride #cdnpse http://t.co/3JJIV9nJ,Informative (Indirect),HomaJafarii
317,Caution and advice,9 states along Mid-Atlantic coast declare state of emergency-info&updates here + evac zone maps/guides for #NYC http://t.co/xuL3kt1a #Sandy,Informative (Indirect),HotmaMejia
318,"Donations of money, goods or services",Ppl in #RedHook need candles batteries flashlights food. Stores here out. Bring them here: 767 Hicks st. http://t.co/HVw5JZSR #sandy,Informative (Indirect),huslage
319,Information Source,Eery images from the empty #NYC subways - http://t.co/fPNelP3M #sandy,Informative (Indirect),iamonlynadine
320,Casualties and damage,NYC firefighters look up at a collapsed crane dangling from a building | http://t.co/8abQk4SC #Sandy,Informative (Indirect),ibejedi
321,Information Source,Heftig.... #sandy RT @frischkopp: Wahnsinn! The Most Shocking Photos After the Devastation of Hurricane Sandy http://t.co/Xw5m59H8,Informative (Indirect),ihbrune
322,Unknown,Krauthammer SLAMS Obama Over Hurricane Sandy Photo-Op (Video) http://t.co/BEXCr9e9 via @sharethis,Informative (Indirect),Illiberalality
323,Unknown,Double Rainbow Shines in NYC After Superstorm Sandy http://t.co/K7s2Zwro via @mashable,Informative (Indirect),Impact360_
324,Casualties and damage,.@MikeBloomberg: 47000 customers have lost power in NYC mainly in Queens and Staten Island. #Sandy,Informative (Indirect),Its_Remy_Ma
325,Unknown,"Head of FEMA on hurricane Sandy: ""I want people to be safe."" // Mitt Romney on FEMA: I want it shut down.",Informative (Indirect),itsjustahobby
326,Casualties and damage,NYC mayor press conference now: damages to subway & mass transit likely worst in history of system. Yet NYC depends on mass transit. #Sandy,Informative (Indirect),JanetPhD
327,Caution and advice,#Sandy #Updates: Over 13500 flight cancelled and counting due to Hurricane Sandy.. #NYC #NJ http://t.co/yUClpuNt,Informative (Indirect),JasminGranado
328,Information Source,Hurricane Sandy Shows We Need To Prepare For Climate Change Cuomo And Bloomberg Say http://t.co/DfDc4rkI via @HuffingtonPost,Informative (Indirect),Jelani_Jones
329,Casualties and damage,"NYU cancer research lost in #Sandy flood ""will likely set back scientists' work by years."" http://t.co/8ksFdp8v",Informative (Indirect),Jenntrix
330,Unknown,Mitt's soup can solution to Sandy. http://t.co/B7ZAiC21,Informative (Indirect),jennygadget
331,Unknown,Romney bought $5k of food for people to ÃƒÂ¤ÃƒÂ³ÃƒÂ¬donateÃƒÂ¤ÃƒÂ³Ã‚Â back to him at phony ÃƒÂ¤ÃƒÂ³ÃƒÂ¬hurricaneÃƒÂ¤ÃƒÂ³Ã‚Â rally http://t.co/aqUSQxqo via @AMERICAblog,Informative (Indirect),JerryOD
332,Caution and advice,The time for evacuation is over. Conditions are dangerous and will get worse. Please stay where you are #Sandy #NYC http://t.co/KQp2f2vX,Informative (Indirect),jmbelcher
333,Caution and advice,If in immediate need of shelter please visit http://t.co/Pgxt83by to locate your nearest options. #shelter #Sandy,Informative (Indirect),jmgreenwell
334,Unknown,#NYC last night was eerily dark because of #sandy http://t.co/WILdwpbf,Informative (Indirect),JoeJaen
335,Caution and advice,Empty streets of Soho NYC by @xhank. http://t.co/pQxgRVG1 #sandy,Informative (Indirect),johndavisonx
336,Caution and advice,...FLOODING POSSIBLE FROM REMNANTS OF HURRICANE SANDY... .THE REMNANTS OF HURRICANE SANDY WILL LINGER OVER CENTRAL PENN http://t.co/NDA9XSgt,Informative (Indirect),Johnstown_WX
337,Casualties and damage,#Blackouts affect 500K as #Hurricane #Sandy #Reach in 1hr the #EastCoast | http://t.co/d2DxFlY0| #Virginia #Main #Storm #NYC #NY #NJ #Boston,Informative (Indirect),Join____Us
338,Casualties and damage,Listened to New York radio this morning. Apparently the locations in every Billy Joel and Bruce Springsteen song are flooded. #Sandy,Informative (Indirect),jonesbrian
339,Caution and advice,BREAKING: At 7 PM all four East River bridges will shut down: Brooklyn Manhattan Williamsburg and Ed Koch Queensboro Bridges. #Sandy,Informative (Indirect),Jsurvivor_nyc
340,Information Source,LIVE: US President @barackobama arrives in Atlantic City New Jersey to inspect damage caused by#Sandy http://t.co/H9FXzHLQ,Informative (Indirect),julieragolia
341,Caution and advice,#JFK airport in #NYC now gusting to 71 mph - the highest observed gusts so far in NYC during #Sandy.,Informative (Indirect),JusAire
342,Information Source,Wow! RT @AlexJamesFitz: RT @weeddude: Photo: View of crane on W 57th street through a telescope http://t.co/E46e2sSi (@cmwdotme) #NYC #Sandy,Informative (Indirect),JustJay74
343,Casualties and damage,This is...unreal. Essentially the only building with power in #NYC right now is the Empire State Building. #Sandy http://t.co/ScVhG8qH,Informative (Indirect),jwaite89
344,Unknown,WireUpdate U.S. stock markets to reopen Wednesday after Sandy kills 43: NEW YORK CITY (BNO NEWS) -- Major stock ... http://t.co/yxzFVqlP,Informative (Indirect),JwForum
345,Casualties and damage,At least 50 U.S. deaths now linked to #Sandy -- among a total of 118 worldwide. http://t.co/W3BSwLBL,Informative (Indirect),jws6220
346,Casualties and damage,No jumping today kids! -&gt; Trampoline hanging on electrical cables (Milford Connecticut) #Sandy http://t.co/9WDbJ0dT,Informative (Indirect),KalyndaHaaf
347,Casualties and damage,#Sandy In #Haiti 54 confirmed deaths were reported 20 injured and 20 missing http://t.co/Kbe1Jp7o cc: @pahodisasters,Informative (Indirect),katellington
348,Caution and advice,Gov. Cuomo has directed the Port Authority and the MTA to close NYC bridges at 7:00 PM http://t.co/ViLRqyQU #Sandy,Informative (Indirect),katew
349,Casualties and damage,A boat rests on the tracks at NY's Metro-North's Ossining Station on the Hudson Line (Photo via MTA) #Sandy http://t.co/XYY7ySwC,Informative (Indirect),kathrynlopez
350,Caution and advice,"ConEd CEO on #Sandy: ""There is a significant chance of flooding throughout NYC""",Informative (Indirect),KCMichelle
351,"Donations of money, goods or services",NYC ALERT: ALL evacuation shelters are pet friendly - don't leave your pets behind! http://t.co/Xs6MngZp #SANDY #sandypets,Informative (Indirect),Kel5280
352,Caution and advice,Biggest outage clusters get repaired first. Smaller clusters to follow. #Westchester #NYC #Sandy #ConEdison,Informative (Indirect),KelleyChubb
353,Unknown,Sandy will keep stock markets closed a second day Tuesday. First time for that since 1888. http://t.co/bOV5hf43,Informative (Indirect),kellyperil
354,Caution and advice,RT @achorowitz: 630-1030 PM will be the worst of the storm in NYC says Bloomberg #nyc #sandy,Informative (Indirect),Kenosen2
355,Caution and advice,NYC Mayor Bloomberg: ConEd may shut down power in southern Brooklyn and lower Manhattan. #Sandy,Informative (Indirect),kerstinshamberg
356,Caution and advice,#IFWT Experts Say 8 O'Clock Is When Hurricane Sandy Unleashes Her Fury On NYC - http://t.co/TQSYfNah,Informative (Indirect),KidDuckie
357,Casualties and damage,Sandy: More than/or 54 people died. (USA). International crisis. Nargis: More than 80.000 people died. (Burma). No one cares.,Informative (Indirect),KimIversenFY
358,Casualties and damage,Times Square in #NYC has been abandoned because of hurricane #Sandy. The lights are still shining though. http://t.co/t88apVoO,Informative (Indirect),Kirkster555
359,Casualties and damage,UPDATE: Construction crane collapses in midtown Manhattan as #HurricaneSandy roars into NYC http://t.co/VR4ul19o #Sandy,Informative (Indirect),KONAhaze
360,Unknown,Tracking Sandy and problems on the East Coast. The Takeaway live from NYC is next on http://t.co/1ix2orJh & 90.7fm,Informative (Indirect),KSERfm
361,Caution and advice,NYC Mayor Bloomberg: ConEd may shut down power in southern Brooklyn and lower Manhattan. #Sandy,Informative (Indirect),ksrgatorfn
362,Information Source,Mortgage servicers don't need approval from @fanniemae to grant disaster relief forbearance http://t.co/LeyrkpRO #Sandy,Informative (Indirect),KYWeise
363,Unknown,#Hurricane #sandy #cnn #NYC http://t.co/mp56mbxk,Informative (Indirect),l_wed
364,Casualties and damage,Still unbelievable RT @RyanNewYork: Wow from Hell's Kitchen - the entire front of this building fell off! http://t.co/1lUZ5lAj #nyc #sandy,Informative (Indirect),LadyBlueICU
365,Unknown,Obama lands in Atlantic City New Jersey to observe #Sandy damage -ABC,Informative (Indirect),larazalloum
366,Casualties and damage,NYC news anchors and producers watching crane and whispering ÃƒÂ¤ÃƒÂ³ÃƒÂ¬fall fall!ÃƒÂ¤ÃƒÂ³Ã‚Â #Sandy,Informative (Indirect),Larchmontbroker
367,Information Source,Reader Photos Show Hurricane Sandy's Effects So Far http://t.co/RpZrXIUT,Informative (Indirect),LarchmontDV
368,"Donations of money, goods or services",Here's a round-up of volunteer opportunities throughout NYC - http://t.co/3LPRcgTe #sandy #sandyvolunteer #sandyaid,Informative (Indirect),laripley
369,Caution and advice,Alternate side parking and meter regulations are suspended citywide tomorrow. #Sandy,Informative (Indirect),lauritacruz47
370,Casualties and damage,HMS Bounty Crew Member confirmed dead. Body Recovered by US Coast Guard. #sandy http://t.co/ajrF6sC6,Informative (Indirect),LibertyBelleJ
371,Casualties and damage,NYC firefighters look up at a collapsed crane dangling from a building | http://t.co/8abQk4SC #Sandy,Informative (Indirect),lillo_c
372,Casualties and damage,UPDATE: At least 33 deaths blamed on Sandy: Superstorm Sandy winds down leaving 33 people dead and more than 7... http://t.co/8XXEKkNT,Informative (Indirect),lincolnnedaily
373,Casualties and damage,Absolutely heartbreaking MT@nytimes: @ least 39 people have died due 2 Hurricane Sandy. Here are a few of their stories.http://t.co/jN7NJhbk,Informative (Indirect),lishaarino
374,Caution and advice,The most severe part of the storm is now beginning-Mayor Bloomberg. NYC #Sandy,Informative (Indirect),longfellow520
375,Caution and advice,On the news it says Cumberland is going to get it hard tonight by Sandy!!,Informative (Indirect),LovinMyMistakes
376,Unknown,Wow! #HurricaneSandy #sandy #NYC http://t.co/0gAD1noM,Informative (Indirect),LUBERPA
377,Unknown,Carole Vordeman looks like she's broadcasting live from Hurricane Sandy. #prideofbritain,Informative (Indirect),lynnmurr
378,Caution and advice,"Mayor Bloomberg: ""Please use 311 for downed trees and flooding not 911."" #Sandy #NYC",Informative (Indirect),MadameRamotswe
379,Unknown,How A Facebook Page Prepared A Region For Hurricane Sandy And What That Teaches About Social Media: Today is st... http://t.co/qkRdL1PJ,Informative (Indirect),MajA_MiDe
380,Unknown,WOW can't believe sharks are swimming the streets/yard of NYC/New Jersey. ScaryÃƒâ€œÃ‚â€¹Ã‚Ë†Ãƒâ€œÃ‚â€¹Ã‚Ë† keep yourselves safe guys #Sandy http://t.co/pjHbb2v9,Informative (Indirect),ManalHan
381,Unknown,#OccupyWallStreet's response to Hurricane Sandy: http://t.co/Wk1looZX,Informative (Indirect),mancunion_news
382,Casualties and damage,18000 Families Homeless In Haiti After Hurricane Sandy http://t.co/qxkU8tdH,Informative (Indirect),mantsekev
383,Caution and advice,New York's #JFK and #Newark Liberty airports reopen after two days of cancellations. La Guardia remains closed http://t.co/3yLWVeam #Sandy,Informative (Indirect),MarcClimaco
384,Casualties and damage,RT @cnn: More than 765000 power outages so far due to Hurricane Sandy. Latest info on @CNN TV and our live blog: http://t.co/OkHC8ssW,Informative (Indirect),mariamccloud
385,Caution and advice,NYC ALERT: All pets are accepted on the subway taxi and trains during evacuation. #Sandy #SandyPets,Informative (Indirect),Marketa1981
386,Caution and advice,NYC Mayor Bloomberg is offering an update on the city's response to #Sandy. You can tune in here: http://t.co/QWZpbEhv,Informative (Indirect),MarketWatch
387,"Donations of money, goods or services",Info on #MGH staff who have deployed to NYC in response to hurricane #Sandy: http://t.co/CoNcGOvL,Informative (Indirect),MassGeneralNews
388,Casualties and damage,MTA chairman: There are 7 subway tunnels that connect Manhattan to Brooklyn & Queens those 7 are flooded #nyc #Sandy,Informative (Indirect),MauriceMichael
389,Casualties and damage,Couple of NYC photos from Reddit showing the effects of Sandy so far - http://t.co/kLeV3Zod NYC Subway Station,Informative (Indirect),maxwood
390,Unknown,@NYCeditor Not for days but look here: http://t.co/lkARMvgS,Informative (Indirect),MeakinArmstrong
391,Unknown,Both #FoolHQ and the market will reopen tomorrow. Meanwhile our thoughts are with Sandy's victims and those still flooded or in the dark.,Informative (Indirect),meganlisajones
392,Caution and advice,LIVE VIDEO: NYC Mayor Michael Bloomberg updates residents on Hurricane #Sandy http://t.co/XtzsBslf,Informative (Indirect),meggy009
393,Unknown,Unbelievable. #sandy #frankenstorm #nyc http://t.co/n4kUwJEF,Informative (Indirect),melancholymaze
394,Unknown,Speechless and Honored! Tomb of the Unknowns during #Sandy. http://t.co/A5iFOT8P http://t.co/rZSOvggZ,Informative (Indirect),MelissaMAngus
395,Information Source,#Sandy - jetskier down Battery Park #NYC #newyorkcity vid soon youtube - OpieRadio http://t.co/wRmvMA5m,Informative (Indirect),memeseeker
396,Casualties and damage,Wow. Stay safe east coasters RT ÃƒÂ¤ÃƒÂ³ÃƒÂ¬@NZStuff: Millions wake to destruction in Sandy's aftermath http://t.co/TzzmMiArÃƒÂ¤ÃƒÂ³Ã‚Â,Informative (Indirect),mermaidmoll
397,"Donations of money, goods or services",Water and ice distribution locations for Met-Ed customers who lost power as a result of Hurricane Sandy: http://t.co/4losm4IT,Informative (Indirect),Met_Ed
398,Unknown,Sandy Wallops Obama Romney Plans http://t.co/9efFR6sz (via @ABC),Informative (Indirect),MhquilesMiriam
399,Unknown,"#USA Less people """"left in the dark"""" after #Sandy than before http://t.co/6Xq7qW79 #miracle",Informative (Indirect),MichaelLee2009
400,Caution and advice,.@NYGovCuomo orders closing of NYC bridges. Only Staten Island bridges unaffected at this time. Bridges must close by 7pm. #Sandy #NYC,Informative (Indirect),MichelleRafter
401,Information Source,Created a timelapse of hurricane #Sandy passing through 42nd & 10th New York http://t.co/N188sBX0,Informative (Indirect),migueldeicaza
402,Casualties and damage,Door to our roof was ripped off its hinges. Super is already fixing it! #nyc #Sandy http://t.co/nIfEPDip,Informative (Indirect),mirseum
403,Casualties and damage,#Prayers 'Unthinkable devastation' Sandy causes at least 29 U.S. deaths http://t.co/9p4biw5V,Informative (Indirect),missclass
404,Unknown,"Sandy vs. Lady Liberty RT: """"@kateesackhoff: Holy shit! http://t.co/LBLJlljD #HurricaneSandy #NYC""""",Informative (Indirect),missHannahSwe
405,"Donations of money, goods or services",RT If in immediate need of shelter please visit http://t.co/rn0Sku35 ÃƒÂ¤ÃƒÂ³_ to locate your nearest options. #shelter #Sandy,Informative (Indirect),MisticaLaVidaEs
406,Information Source,Nice RT @Slate Awesome interactive #Sandy map from Google pinpointing emergency shelter traffic conditions and more: http://t.co/8QvR3C6u,Informative (Indirect),MJ_Tom_Skoch
407,Casualties and damage,Barack Obama to visit New Jersey after Superstorm Sandy kills 50 people and causes $20billion worth of damage http://t.co/6jnSsJFs,Informative (Indirect),mnjoben
408,Casualties and damage,TotallyCoolPix: The Hurricane Sandy Aftermath: She came she saw she destroyed. Hurricane Sandy came ashore las... http://t.co/Rl978fwW,Informative (Indirect),MoeiiMaker
409,Casualties and damage,Mayor Bloomberg: Over 1000 reports of downed trees and other problems with debris in #NYC. #Sandy,Informative (Indirect),momof3mary
410,Information Source,Obama lands in Atlantic City New Jersey to observe #Sandy damage -ABC,Informative (Indirect),muntakadabo
411,Unknown,A SoCal family won't let #Sandy keep them from getting to Army boot camp graduation: http://t.co/tIerZiCx,Informative (Indirect),MyDesert
412,Caution and advice,All bridges tunnels in NYC closed except for Lincoln Tunnel. #sandyonfox http://t.co/UQ6QYH09,Informative (Indirect),MyFoxNY
413,Casualties and damage,Storm was most destructive in 108-year history of NYC subway system says MTA chief Lhota. http://t.co/XbvLF31t,Informative (Indirect),NataschaDea
414,Caution and advice,.@NYGovCuomo orders closing of NYC bridges. Only Staten Island bridges unaffected at this time. Bridges must close by 7pm. #Sandy #NYC,Informative (Indirect),Nelmcadoo
415,Casualties and damage,ConEd: Number of NYC-area customers without power is about 68700 and is sure to keep rising http://t.co/MXylkmqu,Informative (Indirect),NewsalertsVNS
416,Casualties and damage,Sandy moves west leaving devastation deaths in its wake: The Atlantic superstorm Sandy churned across Pennsy... http://t.co/jB6x2Zxa,Informative (Indirect),newsandtribune
417,Casualties and damage,NYC Mayor Bloomberg - More than 20 fires spawned by storm #Sandy,Informative (Indirect),NewsRadio930
418,Casualties and damage,Mayor Bloomberg: Over 1000 reports of downed trees and other problems with debris in #NYC. #Sandy,Informative (Indirect),nicecap
419,Unknown,NYC restos playing it by ear during #Sandy. Props to @EaterNY on their running list of what's open ÃƒÂ¤ÃƒÂ³ÃƒÂ® http://t.co/6yGdRXn0,Informative (Indirect),NicoMcLane
420,"Donations of money, goods or services",Yankees to donate $500000 to Hurricane Sandy relief efforts http://t.co/3z6N6e0M,Informative (Indirect),NJ_NYC
421,Information Source,"Damn!RT @fcfortune: RT @iamsiree: RT @damnitstrue: This photo of #Sandy looks straight from ""The ... http://t.co/El0JSpLI",Informative (Indirect),Noks009
422,Caution and advice,BLIZZARD WARNINGS IN WEST VIRGINIA ÃƒÂ¤ÃƒÂ³ÃƒÂ® WHILE HURRICANE SANDY THREATENS: http://t.co/suAeqpui,Informative (Indirect),normsantos
423,Caution and advice,Delta has what seems like a very optimistic plan to resume some NYC flights on Tuesday: http://t.co/A2mjbStn,Informative (Indirect),NYCAviation
424,Casualties and damage,#Sandy hitting NYC: 47000 customers without power in new york city.,Informative (Indirect),nyckennedy
425,Caution and advice,In sum: http://t.co/jJUy1y8F Stay inside try to relax don't go being macho and running into the water. #Sandy #MayorBloomberg,Informative (Indirect),nycTrend
426,Caution and advice,Limited train service resuming in NYC after superstorm Sandy - CBS News: National GeographicLimited tra... http://t.co/t1j1hPKO #newyork,Informative (Indirect),NYNewYorkCity
427,Casualties and damage,More #Sandy impact: Bellevue NYC's flagship public hospital loses power now evacuating 500 patients hospital says.,Informative (Indirect),NYTMetro
428,Casualties and damage,Update: Crane Collapse... developing... #hurricance #nyc #sandy http://t.co/0jvimS1s,Informative (Indirect),o0REL
429,Unknown,NYC ... Live #wow #sandy http://t.co/FAUzMHrY,Informative (Indirect),OllyOHJ
430,Information Source,Hurricane Sandy from Space http://t.co/LQflUgKr,Informative (Indirect),olwynf
431,Information Source,If you haven't already seen that amazing pic of #NYC with #Sandy coming look now http://t.co/jEaP5n9e,Informative (Indirect),ooleilaa
432,Caution and advice,Sandy approaching northeast U.S. http://t.co/cDuyLxA2,Informative (Indirect),optimismnow2
433,Casualties and damage,This says a lot. Hurricane Sandy's death toll as viewed by the BBC: http://t.co/UPPLzNNY (via @jackseale),Informative (Indirect),owensm1th
434,"Donations of money, goods or services",Last night Red Cross opened 112 shelters for #Sandy w/over 3200 people in them. http://t.co/0uk5URJH Support them by texting (contÃƒÂ¤ÃƒÂ³_,Informative (Indirect),pabloezequielm2
435,Unknown,We did it homos! Not only did we conjure Hurricane Sandy we left our rainbow calling card behind in NYC (via @abcnews) http://t.co/6up1ZOr2,Informative (Indirect),PantsofStella
436,Casualties and damage,#US #media When you reports deaths from #Sandy also note the 66 confirmed in the Caribbean phase of the storm.,Informative (Indirect),pattigibbons
437,Caution and advice,MT @ZagatNYC: NYC restos playing it by ear during #Sandy. Props to @EaterNY on their list of what's open ÃƒÂ¤ÃƒÂ³ÃƒÂ® http://t.co/tAbiGqSo @kale1919,Informative (Indirect),PaulBell55
438,Unknown,"Hurricane Sandy: Is climate change to blame?: """"New York isn't known for its hurricanes"""" says Will Oremus at Sla... http://t.co/J5FCNgJ5",Informative (Indirect),PeedroDionisio
439,Information Source,In stunning footage filmmaker for NYC's @MTAInsider shows disastrous effects of Sandy on city's transportation system http://t.co/L6l3QiRv,Informative (Indirect),peterknegt
440,Information Source,Memorable Sandy photos shared by NYC bystanders from last night http://t.co/NAxcI7Zl h/t @lheron #Sandy,Informative (Indirect),pgMila
441,Casualties and damage,NYC firefighters look up at a collapsed crane dangling from a building | http://t.co/8abQk4SC #Sandy,Informative (Indirect),PieBongio
442,Caution and advice,#RedCross Hurricane app can help you recover from #Sandy. Go to the Prepare tab then hit ÃƒÂ¤ÃƒÂ³ÃƒÂ¬AfterÃƒÂ¤ÃƒÂ³Ã‚Â. http://t.co/fYMpaDYc,Informative (Indirect),PiedmontHousing
443,Casualties and damage,"Checking out """"US under """"attack"""" :Sandy kills 39 as National Guard mobilized as"""" on 9jabook: http://t.co/JILvYJHQ",Informative (Indirect),pimpmy9jabook
444,Casualties and damage,"US under """"attack"""" :Sandy kills 39 as National Guard mobilized as power Shutsdown 11m homes in North East America http://t.co/JILvYJHQ",Informative (Indirect),pimpmy9jabook
445,Casualties and damage,NYC firefighters look up at a collapsed crane dangling from a building | http://t.co/8abQk4SC #Sandy,Informative (Indirect),PlayTaxiMedia
446,Casualties and damage,NYC firefighters look up at a collapsed crane dangling from a building | http://t.co/8abQk4SC #Sandy,Informative (Indirect),PoetryNEarth
447,Unknown,"the Ed Koch bridge is the only one still open prompting questions """"How's he doing?"""" #sandy #nyc",Informative (Indirect),popcultpirate
448,Caution and advice,If you need a safe place to stay shelter info avail. in #Hurricane app http://t.co/4qNCbnTW & http://t.co/gtQEoxjS. #Sandy,Informative (Indirect),PoppenReport
449,Information Source,"NASA Image of Sandy --Experts Ask: """"Is a 'Hypercane' Possible"""" http://t.co/E0SHEF6n",Informative (Indirect),PTTU
450,Casualties and damage,NYC firefighters look up at a collapsed crane dangling from a building | http://t.co/8abQk4SC #Sandy,Informative (Indirect),Pucemargine
451,Information Source,This @NYTimes graphic of Sandy damage is outstanding. This is what the future of news looks like: http://t.co/byIERmSV,Informative (Indirect),pvt_idaho
452,Information Source,Full uninterrupted coverage at http://t.co/RqidCs7W #sandy #sandy nyc,Informative (Indirect),QFinnerty
453,Unknown,Freedom tower in the middle of sandy #frankenstorm. #nyc #sandy #stormking #flood http://t.co/9Nr5OF7C,Informative (Indirect),rahav
454,Casualties and damage,#Sandy In #Haiti 54 confirmed deaths were reported 20 injured and 20 missing http://t.co/Kbe1Jp7o cc: @pahodisasters,Informative (Indirect),RealityRadioTT
455,Caution and advice,#IFWT Experts Say 8 O'Clock Is When Hurricane Sandy Unleashes Her Fury On NYC - http://t.co/jfOwCb5o,Informative (Indirect),RealMGillette
456,Information Source,Absurd. Looks like Titanic MT @BloombergTV: What do damaged NYC subways look like inside? WATCH this dramatic footage: http://t.co/5vldTf3m,Informative (Indirect),RebeccaShabad
457,Information Source,What do damaged NYC subways look like inside? WATCH this dramatic MTA footage: http://t.co/7BX9dVx1,Informative (Indirect),Rezar14
458,Casualties and damage,ÃƒÂ¤ÃƒÂ³ÃƒÂ¬@naugusta: NYC Mayor Bloomberg says most without power in Queens and Staten Island. #SandyÃƒÂ¤ÃƒÂ³Ã‚ÂÃƒÂ¤ÃƒÂ³Ã‚Â #statenisland #nyc #sandyabc7,Informative (Indirect),Richie_Brienza
459,Caution and advice,The latest as Hurricane Sandy hits landfall. Rolling news coverage @SkyNews throughout the night,Informative (Indirect),RNorthumberland
460,Casualties and damage,Stay safe! #NYC RT @WSJNY Crane crumples above One57 ManhattanÃƒÂ¤ÃƒÂ³Ã‚Â»s glitziest condo. #Sandy http://t.co/KVoA7ywr via @WSJ,Informative (Indirect),RobertaKLEEDAP
461,Casualties and damage,At least 50 people died in the US during Hurricane Sandy. Power out to hundreds of thousands. Schools still closed.,Informative (Indirect),ROCK977
462,Caution and advice,RT @weatherchannel: @NYGovCuomo orders closing of NYC bridges. Only Staten Island bridges unaffected at this time. Must close by 7pm. #Sandy,Informative (Indirect),rumsoncds
463,Information Source,The most impressive pics and videos of Hurricane Sandy from space http://t.co/TWKK0DtX,Informative (Indirect),safetylanguage
464,Casualties and damage,Problems at Five Nuke Plants http://t.co/DtceY4pS,Informative (Indirect),safetyskeptic
465,Unknown,Now that the sun is down and you're hopefully safely inside share your hurricane photos with us. http://t.co/DUaTtgYJ #nhsandy,Informative (Indirect),SalemNHPatch
466,Caution and advice,ALERT: List of NJ PA and DE shelters - including those that are pet friendly http://t.co/K3T7t91E #sandy #sandypets,Informative (Indirect),SallyMos
467,Information Source,BBC News - Sandy: President Obama visits New Jersey http://t.co/W4D85xzz,Informative (Indirect),sammy29c
468,Casualties and damage,Stay safe! #NYC RT @WSJNY Crane crumples above One57 ManhattanÃƒÂ¤ÃƒÂ³Ã‚Â»s glitziest condo. #Sandy http://t.co/QWTQ4FtZ via @WSJ,Informative (Indirect),samwittty13
469,Casualties and damage,nydailynews: Sandy swamps Lower Manhattan with massive surge http://t.co/1L2mcYYu #nyc,Informative (Indirect),SanDiegoNYorker
470,Caution and advice,#Sandy is coming and it is full of anger! #Storm #NYC http://t.co/N5ruP5z8,Informative (Indirect),satantoine
471,"Donations of money, goods or services",Pakistan Militant With Enormous U.S. Bounty on His Head Pledges Hurricane Sandy Donation -- http://t.co/Z2acaXhf,Informative (Indirect),ScooterHeyward
472,Information Source,Eery images from the empty #NYC subways - http://t.co/fPNelP3M #sandy,Informative (Indirect),sempa14
473,Unknown,Sandy is making New Yorkers get weird http://t.co/X3GwFoiC,Informative (Indirect),senorborge
474,Casualties and damage,At least 33 people in eight states were confirmed dead from Sandy including 16 people in New York City: http://t.co/1U1mjErO via @WSJ,Informative (Indirect),Shamo5hNJ
475,Caution and advice,the time for evacuation is now over - mike bloomberg. | #nyc #sandy,Informative (Indirect),shaunrandol
476,Unknown,@OMGFacts: Amazing soldiers standing at the Tomb of the Unknown Soldier during hurricane #Sandy. http://t.co/P9TvFliJ #Fb,Informative (Indirect),sheenobi
477,Casualties and damage,70000 still without power in Ontario after #Sandy . Most to be reconnected within 24 hours: Ont. energy minister,Informative (Indirect),SheilaColesCBC
478,Caution and advice,UPDATE: All Broadway performances in NYC Monday 10/29 and Tuesday 10/30 have been cancelled. #Sandy More info: http://t.co/lYJ7xUrB,Informative (Indirect),Shirlz1123
479,Caution and advice,Christie postpones Halloween celebrations in New Jersey - USA TODAY: ABC NewsChristie postpones Halloween celebr... http://t.co/WEF3U3PL,Informative (Indirect),ShowCars1
480,Casualties and damage,MTA chairman: There are 7 subway tunnels that connect Manhattan to Brooklyn & Queens those 7 are flooded #nyc #Sandy,Informative (Indirect),Shy_Stranger
481,Unknown,How A Facebook Page Prepared A Region For Hurricane Sandy And What That Teaches About Social Media: Today is st... http://t.co/xEwG605M,Informative (Indirect),Sir_BenBoye
482,Information Source,Here's the latest amazing and totally not-faked photo of #Sandy approaching NYC: http://t.co/eg7kzUQX,Informative (Indirect),Sjosz
483,Casualties and damage,ÃƒÂ¤ÃƒÂ³ÃƒÂ¬@cnnbrk: Bloomberg; Storm killed 10 in NYC. CNN U.S. toll from #Sandy at least 21. http://t.co/5i8o9c1iÃƒÂ¤ÃƒÂ³Ã‚Â #eyeSJU #sandy,Informative (Indirect),sjuhawknews
484,Caution and advice,RT @BudgetTravel: Stranded because of #Sandy? Here's what you need to know--#airline by airline http://t.co/REmduOnv #Frankenstorm,Informative (Indirect),SKSMediaCanada
485,Information Source,@theribman You should check out this webcam on top of the Statue of Liberty http://t.co/DDNXiGKP - See n hear #Sandy,Informative (Indirect),SlowFoodKitchen
486,Caution and advice,RT @UN: UNHQ in NYC will be also be closed on Tuesday due to Hurricane #Sandy. More info here: http://t.co/0p90eZIa,Informative (Indirect),sncyf
487,Unknown,Sandy is year's No. 2 topic on Facebook - CNN http://t.co/WSIb3knx #Tech,Informative (Indirect),Snr_Seye
488,Casualties and damage,Storm-battered US sifts through SandyÃƒÂ¤ÃƒÂ³Ã‚Â»s wreckage: Peter Andrews removes belongings from his fatherÃƒÂ¤ÃƒÂ³Ã‚Â»s beachfront home destroyed in th...,Informative (Indirect),sohaibkhan
489,Caution and advice,Any time over the next hour It should be here #sandy #NYC,Informative (Indirect),Sorcha_Ellie
490,Unknown,Romney confirmed his stance to shut down FEMA: http://t.co/zyRWxhfC /via @TheAtlanticWire,Informative (Indirect),speakingmymind2
491,Casualties and damage,Photo: #Astoria seems more or less unscathed #Ditmars #nyc #sandy #aftermath http://t.co/WnQQvpYK,Informative (Indirect),spitzmud
492,Information Source,A time-lapse of the New York City sky during #Sandy. WATCH: http://t.co/0OX5cPzU /via @TheAtlantic @cubfancurt,Informative (Indirect),st3v3_h
493,Casualties and damage,SMH . RT @CBSNews: Crane dangles from NYC high-rise as Hurricane Sandy bears down on city http://t.co/3UbIIicH,Informative (Indirect),StaceDiva
494,Unknown,LIVE: US President @barackobama arrives in Atlantic City New Jersey to inspect damage caused by#Sandy http://t.co/H9FXzHLQ,Informative (Indirect),Steffan_Morgan
495,Caution and advice,RT @thematthewkeys: NYC Mayor Bloomberg: ConEd may shut down power in southern Brooklyn and lower Manhattan. #Sandy,Informative (Indirect),StephTweet
496,Caution and advice,Public transit in NYC will be closed tomorrow morning and remain closed throughout the day. http://t.co/WWmlZvHe #Sandy,Informative (Indirect),Stevie_Bo
497,Information Source,CORRECTION: My next update on NYC's response to #Sandy is at 10 am (10/30). Watch live at http://t.co/pzWEzMcp,Informative (Indirect),StevieKnicks21
498,Casualties and damage,#sandy 200000 homeless in Haiti and 52 dead http://t.co/wMrBLWLT - But Mail reports no cellphone coverage in New York http://t.co/hJzbcNWr,Informative (Indirect),StevieOddsocks
499,Unknown,Hurricane Sandy Puts Spotlight on Cloud-Based Data #Storage | http://t.co/kvtxxSDU http://t.co/GSu6tlri,Informative (Indirect),Storageiquity
500,Casualties and damage,Sandy Toll Hits 69 in Carribean http://t.co/MlFfKOWr @democracynow,Informative (Indirect),Stwallace23
501,Caution and advice,NYC Mayor Bloomberg: City employees should come to work provided they can do so safely. #Sandy,Informative (Indirect),SupermanHotMale
502,Information Source,Times Square in #NYC has been abandoned because of hurricane #Sandy. The lights are still shining though. http://t.co/t88apVoO,Informative (Indirect),SydooEoo
503,Caution and advice,Prayers!! RT @jacquereid: RT @ABC: New York's Bellevue Hospital Set to Evacuate After Sandy http://t.co/gZUyn3uQ,Informative (Indirect),Syreta
504,Unknown,"Pro-Assad group: ""Sources confirmed to us that #Sandy was set off by highly advanced technologies developed by the heroic Iranian regime""",Informative (Indirect),Tactilepoet
505,Unknown,Why are these New Yorkers clustered outside a closed Starbucks? Two words: working wifi. #sandy http://t.co/PTjtnJ63,Informative (Indirect),taiphan
506,Casualties and damage,Hurricane Sandy is expected to cause up to $10 billion in insured losses. Details: http://t.co/DdBTMYtb,Informative (Indirect),TarekHabal
507,Unknown,A caution on NY TImes W poll - no interviews from yesterday. Suggest that understates ppl's reaction to Obama which should be up #Sandy,Informative (Indirect),teacherken
508,Casualties and damage,Yes but my subway is delayed 4 days. RT @olavkjorven: #Sandy destroyed 70 per cent of the crops in southern #Haiti http://t.co/hk1bG7FC,Informative (Indirect),theolugirl
509,"Donations of money, goods or services",Sandy's victims need your help. To donate text REDCROSS to 90999. Or click this link: https://t.co/nPXGCjCw ÃƒÂ¤ÃƒÂ³_ ÃƒÂ¤ÃƒÂ³_,Informative (Indirect),theReal_Rebel
510,Casualties and damage,FIFTY DEAD...and it's NOT over: Obama's grim warning as he prepares to visit scenes of hurricane 'major disaster' - http://t.co/zrqpgERI,Informative (Indirect),therealnickmack
511,Casualties and damage,ÃƒÂ¤ÃƒÂ³ÃƒÂ¬RT @TIME: NYC firefighters look up at a collapsed crane dangling from a building | http://t.co/xyMHrTYh #SandyÃƒÂ¤ÃƒÂ³Ã‚Â,Informative (Indirect),theresamax
512,Information Source,Awesome interactive #Sandy map from Google pinpointing emergency shelter traffic conditions and more: http://t.co/aT1ptvFP,Informative (Indirect),thomaspower
513,Information Source,25 Incredible Pictures Of Hurricane Sandy's Destruction In New Jersey http://t.co/puT2dsID via @buzzfeed,Informative (Indirect),tim_schoenfeld
514,Casualties and damage,Sandy Killed 69 People In The Caribbean  15 People In NY  & 3 People In NJ . : ( RT To Show Respect .,Informative (Indirect),TjM0Xx232
515,Information Source,Lots of fake storm photos are circulating online but this one has been confirmed as authentic #Sandy http://t.co/mxQmxT03,Informative (Indirect),TolgaDemirSTHLM
516,Information Source,Hurricane Sandy and The Flood of Social Media Misinformation: Sandy came and went in D.C. without le... http://t.co/twOezsla #ForbesTech,Informative (Indirect),TopGuyMag
517,Unknown,New York City never sleeps.... #hurricance #sandy #nyc http://t.co/pULOJI05,Informative (Indirect),TracyMcD77
518,Information Source,Frightening new radar pic of 'Hurricane Sandy' approaching east coast... http://t.co/Cv3xBGDV,Informative (Indirect),trouttp
519,"Donations of money, goods or services",If in immediate need of shelter please visit http://t.co/Pgxt83by to locate your nearest options. #shelter #Sandy,Informative (Indirect),tuffnoodle
520,Unknown,Mitt Romney has advised that everyone in Hurricane Sandy's path please make their way to their 2nd or 3rd home immediately.,Informative (Indirect),TweetedOnYaFace
521,Casualties and damage,Monster storm Sandy leaves New York eastern U.S. crippled http://t.co/ZnpXnDAc,Informative (Indirect),Ubutu44
522,Casualties and damage,Two people found dead in Brooklyn Tuesday morning crushed by giant trees: http://t.co/mpw3UxvJ #Sandy,Informative (Indirect),ULickISquiiirt
523,Unknown,"HuffPost explains how website went down (2 data centers failed) & it's getting by on ""one power vertical!"": http://t.co/Yq0yYWTA",Informative (Indirect),unc_matc
524,Information Source,Ominous storm clouds above the Statue of Liberty during #Sandy #NYC | http://t.co/1V8okhjd via @TIME,Informative (Indirect),USA_Movement
525,Caution and advice,All federal government offices in and around Washington will be closed Tuesday. #HurricaneSandy http://t.co/XEYNBgW0,Informative (Indirect),UUgeh
526,Casualties and damage,RT @danengber: Thousands of lab mice drowned at NYU hospital years of research lost. http://t.co/vacIpzQc,Informative (Indirect),VandelaySalesUS
527,"Donations of money, goods or services",To donate $10 for victims & areas hit by Sandy text the number 90999 with the word REDCROSS. Will be deducted from your wireless bill.,Informative (Indirect),vin_nolan
528,Unknown,"Reminder: Mitt Romney said it was ""immoral"" for federal government to spend money on disaster relief: http://t.co/yupkPkDv #Sandy",Informative (Indirect),VirginProblems1
529,Casualties and damage,Mayor stated that all cranes had been secured but a crane dangles from NYC high-rise as #Sandy bears down on NYC. Yikes http://t.co/8BFwgo4q,Informative (Indirect),VirtualAshok
530,Caution and advice,RT @NYTMetro: Limited commuter rail service to resume in New York at 2 p.m. Wednesday http://t.co/oi2lnGTm,Informative (Indirect),VivaLaSlim
531,Unknown,Photos: Day After Hurricane Sandy NYC Reels From Destruction http://t.co/0Yc6bvSo,Informative (Indirect),Vivnsect
532,"Donations of money, goods or services",To donate $10 to the victims of Hurricane #Sandy ~ Text REDCROSS to 90999 ~ please retweet! rt,Informative (Indirect),wildhotdvil
533,Information Source,Photos: The Hurricane Sandy Aftermath: She came she saw she destroyed. http://t.co/mXyrs9AM #Sandy #P2 #Weather,Informative (Indirect),wilfredphua
534,Casualties and damage,Via BBC's @helenamerriman in #NewJersey: Crowd gathered at collapsed boardwalk in #AtlanticCity all look up as AF1 flew overhead #sandy,Informative (Indirect),WJA99
535,Caution and advice,RT @NYMag: Mayor Bloomberg: The most severe part of the hurricane is now beginning. #NYC still v. much within danger zone. #Sandy,Informative (Indirect),wlynnae
536,Casualties and damage,NY had one of the highest surge values on the east coast becuase of shallow part of continental shelf: Mike Tidwell on @democracynow #Sandy,Informative (Indirect),wmnfnews
537,Unknown,Woah. RT @BrooklynBased: RT @ezyjules: Dumbo is flooding. Just getting started. #Sandy #NYC http://t.co/DdwnhdP8,Informative (Indirect),WorkItBrooklyn
538,Unknown,Jimmy Fallon Braves Hurricane Sandy To Perform In... http://t.co/1hm5WD5a #TVNews #JimmyFallon #audience #comedy #funny #nail #fashion #news,Informative (Indirect),XeniaNails
539,Casualties and damage,"Burich Hashem! RT @WSJweather: No fatalities in #Sandy so far in NYC.""""",Informative (Indirect),YoelyNews
540,Casualties and damage,Crane collapses near Carnegie Hall. Photo h/t @daveevansabc7 #SandyABC7 #Sandy http://t.co/WPnpMoxh,Informative (Indirect),ZachSoltero
541,Caution and advice,LATEST | Airports and stock exchange reopen; NJ devastated: Two major airports reopened and the floor of the New... http://t.co/GefqGlfb,Informative (Indirect),TheSunNews
542,Unknown,The Voice : Hurricane Sandy Caused by Global Warming: Author: Animal1993 Subject: Hurricaneâ€°Ã›_ http://t.co/IfoU49rY,Informative (Indirect),MainStMonroe
